concurrency	elapsed-r	errors-r	ops(total)-r	ops/sec(cum)-r	avg(ms)-r	p50(ms)-r	p95(ms)-r	p99(ms)-r	pMax(ms)-r	total-r	elapsed-w	errors-w	ops(total)-w	ops/sec(cum)-w	avg(ms)-w	p50(ms)-w	p95(ms)-w	p99(ms)-w	pMax(ms)-w	total-w	elapsed	errors	ops(total)	ops/sec(cum)	avg(ms)	p50(ms)	p95(ms)	p99(ms)	pMax(ms)
16.0	0.0	0.0	129967.0	2888.0	21.075	21.25	28.3	33.85	44.525	0.0	0.0	0.0	6764.0	150.3	20.025	20.45	25.7	28.6	35.4	0.0	0.0	0.0	136731.0	3038.5	21.0	21.25	27.8	33.85	44.525
16.0	0.0	0.0	129967.0	2888.0	21.075	21.25	28.3	33.85	44.525	0.0	0.0	0.0	6764.0	150.3	20.025	20.45	25.7	28.6	35.4	0.0	0.0	0.0	136731.0	3038.5	21.0	21.25	27.8	33.85	44.525
16.0	0.0	0.0	129967.0	2888.0	21.075	21.25	28.3	33.85	44.525	0.0	0.0	0.0	6764.0	150.3	20.025	20.45	25.7	28.6	35.4	0.0	0.0	0.0	136731.0	3038.5	21.0	21.25	27.8	33.85	44.525
16.0	0.0	0.0	129967.0	2888.0	21.075	21.25	28.3	33.85	44.525	0.0	0.0	0.0	6764.0	150.3	20.025	20.45	25.7	28.6	35.4	0.0	0.0	0.0	136731.0	3038.5	21.0	21.25	27.8	33.85	44.525
24.0	0.0	0.0	133649.0	2969.8999999999996	30.725	30.674999999999997	40.849999999999994	49.25	81.8	0.0	0.0	0.0	7030.0	156.3	29.325	29.65	37.2	40.849999999999994	46.1	0.0	0.0	0.0	140679.0	3126.1	30.625	30.674999999999997	40.324999999999996	49.25	81.8
24.0	0.0	0.0	133649.0	2969.8999999999996	30.725	30.674999999999997	40.849999999999994	49.25	81.8	0.0	0.0	0.0	7030.0	156.3	29.325	29.65	37.2	40.849999999999994	46.1	0.0	0.0	0.0	140679.0	3126.1	30.625	30.674999999999997	40.324999999999996	49.25	81.8
24.0	0.0	0.0	133649.0	2969.8999999999996	30.725	30.674999999999997	40.849999999999994	49.25	81.8	0.0	0.0	0.0	7030.0	156.3	29.325	29.65	37.2	40.849999999999994	46.1	0.0	0.0	0.0	140679.0	3126.1	30.625	30.674999999999997	40.324999999999996	49.25	81.8
24.0	0.0	0.0	133649.0	2969.8999999999996	30.725	30.674999999999997	40.849999999999994	49.25	81.8	0.0	0.0	0.0	7030.0	156.3	29.325	29.65	37.2	40.849999999999994	46.1	0.0	0.0	0.0	140679.0	3126.1	30.625	30.674999999999997	40.324999999999996	49.25	81.8
32.0	0.0	0.0	136193.0	3026.3999999999996	40.2	40.849999999999994	49.25	54.5	76.55	0.0	0.0	0.0	7092.0	157.7	39.5	39.8	48.2	52.925	58.175	0.0	0.0	0.0	143285.0	3184.1	40.150000000000006	40.849999999999994	49.25	54.5	76.55
32.0	0.0	0.0	136193.0	3026.3999999999996	40.2	40.849999999999994	49.25	54.5	76.55	0.0	0.0	0.0	7092.0	157.7	39.5	39.8	48.2	52.925	58.175	0.0	0.0	0.0	143285.0	3184.1	40.150000000000006	40.849999999999994	49.25	54.5	76.55
32.0	0.0	0.0	136193.0	3026.3999999999996	40.2	40.849999999999994	49.25	54.5	76.55	0.0	0.0	0.0	7092.0	157.7	39.5	39.8	48.2	52.925	58.175	0.0	0.0	0.0	143285.0	3184.1	40.150000000000006	40.849999999999994	49.25	54.5	76.55
32.0	0.0	0.0	136193.0	3026.3999999999996	40.2	40.849999999999994	49.25	54.5	76.55	0.0	0.0	0.0	7092.0	157.7	39.5	39.8	48.2	52.925	58.175	0.0	0.0	0.0	143285.0	3184.1	40.150000000000006	40.849999999999994	49.25	54.5	76.55
40.0	0.0	0.0	137964.0	3065.8	49.6	48.2	60.8	82.85000000000001	1140.9	0.0	0.0	0.0	7242.0	160.9	47.875	46.625	56.074999999999996	60.8	1090.5	0.0	0.0	0.0	145206.0	3226.7	49.525000000000006	48.2	60.8	82.85000000000001	1140.9
40.0	0.0	0.0	137964.0	3065.8	49.6	48.2	60.8	82.85000000000001	1140.9	0.0	0.0	0.0	7242.0	160.9	47.875	46.625	56.074999999999996	60.8	1090.5	0.0	0.0	0.0	145206.0	3226.7	49.525000000000006	48.2	60.8	82.85000000000001	1140.9
40.0	0.0	0.0	137964.0	3065.8	49.6	48.2	60.8	82.85000000000001	1140.9	0.0	0.0	0.0	7242.0	160.9	47.875	46.625	56.074999999999996	60.8	1090.5	0.0	0.0	0.0	145206.0	3226.7	49.525000000000006	48.2	60.8	82.85000000000001	1140.9
40.0	0.0	0.0	137964.0	3065.8	49.6	48.2	60.8	82.85000000000001	1140.9	0.0	0.0	0.0	7242.0	160.9	47.875	46.625	56.074999999999996	60.8	1090.5	0.0	0.0	0.0	145206.0	3226.7	49.525000000000006	48.2	60.8	82.85000000000001	1140.9
46.0	0.0	0.0	136880.0	3041.6000000000004	57.5	49.25	72.875	131.075	2701.125	0.0	0.0	0.0	7136.0	158.6	54.1	48.2	59.224999999999994	67.625	1140.9	0.0	0.0	0.0	144016.0	3200.2	57.324999999999996	49.25	71.3	131.075	2701.125
46.0	0.0	0.0	136880.0	3041.6000000000004	57.5	49.25	72.875	131.075	2701.125	0.0	0.0	0.0	7136.0	158.6	54.1	48.2	59.224999999999994	67.625	1140.9	0.0	0.0	0.0	144016.0	3200.2	57.324999999999996	49.25	71.3	131.075	2701.125
47.0	0.0	0.0	138837.0	3085.1000000000004	58.05	49.25	72.875	153.10000000000002	1711.3	0.0	0.0	0.0	7119.0	158.2	54.974999999999994	48.2	59.224999999999994	310.9	1140.9	0.0	0.0	0.0	145956.0	3243.3	57.9	48.724999999999994	71.3	147.85	1711.3
47.0	0.0	0.0	138837.0	3085.1000000000004	58.05	49.25	72.875	153.10000000000002	1711.3	0.0	0.0	0.0	7119.0	158.2	54.974999999999994	48.2	59.224999999999994	310.9	1140.9	0.0	0.0	0.0	145956.0	3243.3	57.9	48.724999999999994	71.3	147.85	1711.3
47.0	0.0	0.0	138837.0	3085.1000000000004	58.05	49.25	72.875	153.10000000000002	1711.3	0.0	0.0	0.0	7119.0	158.2	54.974999999999994	48.2	59.224999999999994	310.9	1140.9	0.0	0.0	0.0	145956.0	3243.3	57.9	48.724999999999994	71.3	147.85	1711.3
48.0	0.0	0.0	138362.0	3074.7000000000003	59.325	49.25	82.85	180.35	1694.525	0.0	0.0	0.0	7062.0	156.9	55.075	48.2	59.75	310.9	1140.9	0.0	0.0	0.0	145424.0	3231.5	59.125	48.2	82.85	178.25	1694.525
48.0	0.0	0.0	138362.0	3074.7000000000003	59.325	49.25	82.85	180.35	1694.525	0.0	0.0	0.0	7062.0	156.9	55.075	48.2	59.75	310.9	1140.9	0.0	0.0	0.0	145424.0	3231.5	59.125	48.2	82.85	178.25	1694.525
48.0	0.0	0.0	138362.0	3074.7000000000003	59.325	49.25	82.85	180.35	1694.525	0.0	0.0	0.0	7062.0	156.9	55.075	48.2	59.75	310.9	1140.9	0.0	0.0	0.0	145424.0	3231.5	59.125	48.2	82.85	178.25	1694.525
48.0	0.0	0.0	137276.0	3050.5000000000005	59.725	50.3	81.80000000000001	178.27499999999998	2130.725	0.0	0.0	0.0	7148.0	158.8	57.1	48.2	59.75	320.84999999999997	1140.9	0.0	0.0	0.0	144424.0	3209.4	59.574999999999996	49.775000000000006	81.80000000000001	182.45000000000002	2130.725
48.0	0.0	0.0	138362.0	3074.7000000000003	59.325	49.25	82.85	180.35	1694.525	0.0	0.0	0.0	7062.0	156.9	55.075	48.2	59.75	310.9	1140.9	0.0	0.0	0.0	145424.0	3231.5	59.125	48.2	82.85	178.25	1694.525
48.0	0.0	0.0	137276.0	3050.5000000000005	59.725	50.3	81.80000000000001	178.27499999999998	2130.725	0.0	0.0	0.0	7148.0	158.8	57.1	48.2	59.75	320.84999999999997	1140.9	0.0	0.0	0.0	144424.0	3209.4	59.574999999999996	49.775000000000006	81.80000000000001	182.45000000000002	2130.725
48.0	0.0	0.0	137973.0	3065.9	59.5	48.2	79.7	385.875	2231.375	0.0	0.0	0.0	7242.0	161.0	56.075	47.675	59.224999999999994	325.05	1140.9	0.0	0.0	0.0	145215.0	3227.0	59.300000000000004	48.2	79.7	383.77500000000003	2231.375
49.0	0.0	0.0	138514.0	3078.0	60.625	49.25	77.6	606.05	2617.25	0.0	0.0	0.0	7283.0	161.9	57.625	48.2	59.75	322.95	1140.9	0.0	0.0	0.0	145797.0	3239.8	60.45	49.25	76.55	606.05	2617.25
50.0	0.0	0.0	136837.0	3040.7	62.45	50.3	82.85000000000001	857.7	2717.8999999999996	0.0	0.0	0.0	7154.0	159.0	57.849999999999994	48.2	61.325	324.0	1660.975	0.0	0.0	0.0	143991.0	3199.7000000000003	62.25	49.775000000000006	81.80000000000001	650.1	2717.8999999999996
50.0	0.0	0.0	136837.0	3040.7	62.45	50.3	82.85000000000001	857.7	2717.8999999999996	0.0	0.0	0.0	7154.0	159.0	57.849999999999994	48.2	61.325	324.0	1660.975	0.0	0.0	0.0	143991.0	3199.7000000000003	62.25	49.775000000000006	81.80000000000001	650.1	2717.8999999999996
50.0	0.0	0.0	138535.0	3078.4	61.900000000000006	49.775000000000006	78.65	831.5	3221.2	0.0	0.0	0.0	7276.0	161.7	57.475	48.2	59.75	570.4	1140.9	0.0	0.0	0.0	145811.0	3240.1000000000004	61.675000000000004	49.775000000000006	78.65	642.7750000000001	3221.2
51.0	0.0	0.0	139024.0	3089.3	62.800000000000004	49.25	86.0	837.7750000000001	1275.1	0.0	0.0	0.0	7304.0	162.29999999999998	57.8	48.2	61.325	322.95	1140.9	0.0	0.0	0.0	146328.0	3251.7	62.550000000000004	48.72500000000001	86.0	837.7750000000001	1275.1
51.0	0.0	0.0	139024.0	3089.3	62.800000000000004	49.25	86.0	837.7750000000001	1275.1	0.0	0.0	0.0	7304.0	162.29999999999998	57.8	48.2	61.325	322.95	1140.9	0.0	0.0	0.0	146328.0	3251.7	62.550000000000004	48.72500000000001	86.0	837.7750000000001	1275.1
51.0	0.0	0.0	139024.0	3089.3	62.800000000000004	49.25	86.0	837.7750000000001	1275.1	0.0	0.0	0.0	7304.0	162.29999999999998	57.8	48.2	61.325	322.95	1140.9	0.0	0.0	0.0	146328.0	3251.7	62.550000000000004	48.72500000000001	86.0	837.7750000000001	1275.1
51.0	0.0	0.0	138451.0	3076.6000000000004	62.875	49.775000000000006	84.95	872.375	2684.35	0.0	0.0	0.0	7231.0	160.7	58.9	48.2	60.8	1073.7	1140.9	0.0	0.0	0.0	145682.0	3237.2	62.675	49.775000000000006	84.95	1065.325	2684.35
52.0	0.0	0.0	136253.0	3027.7000000000003	65.375	50.3	84.95	853.5	3221.2	0.0	0.0	0.0	7166.0	159.2	60.5	48.724999999999994	62.9	823.0999999999999	1660.975	0.0	0.0	0.0	143419.0	3186.9	65.125	50.3	81.8	849.325	3221.2
52.0	0.0	0.0	136253.0	3027.7000000000003	65.375	50.3	84.95	853.5	3221.2	0.0	0.0	0.0	7166.0	159.2	60.5	48.724999999999994	62.9	823.0999999999999	1660.975	0.0	0.0	0.0	143419.0	3186.9	65.125	50.3	81.8	849.325	3221.2
52.0	0.0	0.0	137419.0	3053.6	64.725	50.3	83.9	851.4000000000001	3187.6499999999996	0.0	0.0	0.0	7144.0	158.7	60.849999999999994	48.2	61.85	823.0999999999999	1660.975	0.0	0.0	0.0	144563.0	3212.4	64.525	50.3	83.9	853.5	3221.2
54.0	0.0	0.0	137285.0	3050.6000000000004	67.15	50.3	95.44999999999999	1073.7	3221.2	0.0	0.0	0.0	7349.0	163.3	63.425	48.724999999999994	62.9	574.6	1660.975	0.0	0.0	0.0	144634.0	3214.0000000000005	66.94999999999999	50.3	93.35	1073.7	3221.2
54.0	0.0	0.0	137285.0	3050.6000000000004	67.15	50.3	95.44999999999999	1073.7	3221.2	0.0	0.0	0.0	7349.0	163.3	63.425	48.724999999999994	62.9	574.6	1660.975	0.0	0.0	0.0	144634.0	3214.0000000000005	66.94999999999999	50.3	93.35	1073.7	3221.2
55.0	0.0	0.0	137754.0	3061.1	68.3	51.35	87.05000000000001	1073.7	3087.0	0.0	0.0	0.0	7295.0	162.10000000000002	63.5	50.3	64.475	1073.7	1140.9	0.0	0.0	0.0	145049.0	3223.3	68.075	51.35	86.0	1073.7	3087.0
55.0	0.0	0.0	137754.0	3061.1	68.3	51.35	87.05000000000001	1073.7	3087.0	0.0	0.0	0.0	7295.0	162.10000000000002	63.5	50.3	64.475	1073.7	1140.9	0.0	0.0	0.0	145049.0	3223.3	68.075	51.35	86.0	1073.7	3087.0
55.0	0.0	0.0	137754.0	3061.1	68.3	51.35	87.05000000000001	1073.7	3087.0	0.0	0.0	0.0	7295.0	162.10000000000002	63.5	50.3	64.475	1073.7	1140.9	0.0	0.0	0.0	145049.0	3223.3	68.075	51.35	86.0	1073.7	3087.0
56.0	0.0	0.0	138342.0	3074.2	69.075	50.3	93.35	1073.7	3187.6499999999996	0.0	0.0	0.0	7377.0	163.9	66.0	48.2	62.9	1073.7	2667.575	0.0	0.0	0.0	145719.0	3238.2000000000003	68.92500000000001	50.3	92.30000000000001	1073.7	3221.2
56.0	0.0	0.0	138342.0	3074.2	69.075	50.3	93.35	1073.7	3187.6499999999996	0.0	0.0	0.0	7377.0	163.9	66.0	48.2	62.9	1073.7	2667.575	0.0	0.0	0.0	145719.0	3238.2000000000003	68.92500000000001	50.3	92.30000000000001	1073.7	3221.2
56.0	0.0	0.0	138342.0	3074.2	69.075	50.3	93.35	1073.7	3187.6499999999996	0.0	0.0	0.0	7377.0	163.9	66.0	48.2	62.9	1073.7	2667.575	0.0	0.0	0.0	145719.0	3238.2000000000003	68.92500000000001	50.3	92.30000000000001	1073.7	3221.2
56.0	0.0	0.0	138342.0	3074.2	69.075	50.3	93.35	1073.7	3187.6499999999996	0.0	0.0	0.0	7377.0	163.9	66.0	48.2	62.9	1073.7	2667.575	0.0	0.0	0.0	145719.0	3238.2000000000003	68.92500000000001	50.3	92.30000000000001	1073.7	3221.2
59.0	0.0	0.0	138392.0	3075.2	72.82499999999999	50.3	99.65	1073.7	3221.2	0.0	0.0	0.0	7301.0	162.20000000000002	67.025	48.724999999999994	65.0	1073.7	1140.9	0.0	0.0	0.0	145693.0	3237.4	72.52499999999999	50.3	98.6	1073.7	3221.2
59.0	0.0	0.0	138392.0	3075.2	72.82499999999999	50.3	99.65	1073.7	3221.2	0.0	0.0	0.0	7301.0	162.20000000000002	67.025	48.724999999999994	65.0	1073.7	1140.9	0.0	0.0	0.0	145693.0	3237.4	72.52499999999999	50.3	98.6	1073.7	3221.2
59.0	0.0	0.0	138392.0	3075.2	72.82499999999999	50.3	99.65	1073.7	3221.2	0.0	0.0	0.0	7301.0	162.20000000000002	67.025	48.724999999999994	65.0	1073.7	1140.9	0.0	0.0	0.0	145693.0	3237.4	72.52499999999999	50.3	98.6	1073.7	3221.2
63.0	0.0	0.0	138804.0	3084.5	77.8	51.35	109.05	1107.3000000000002	3221.2	0.0	0.0	0.0	7165.0	159.20000000000002	71.57499999999999	48.724999999999994	69.19999999999999	1107.3000000000002	2113.95	0.0	0.0	0.0	145969.0	3243.7	77.475	51.35	105.92500000000001	1124.1000000000001	3221.2
63.0	0.0	0.0	138804.0	3084.5	77.8	51.35	109.05	1107.3000000000002	3221.2	0.0	0.0	0.0	7165.0	159.20000000000002	71.57499999999999	48.724999999999994	69.19999999999999	1107.3000000000002	2113.95	0.0	0.0	0.0	145969.0	3243.7	77.475	51.35	105.92500000000001	1124.1000000000001	3221.2
63.0	0.0	0.0	138804.0	3084.5	77.8	51.35	109.05	1107.3000000000002	3221.2	0.0	0.0	0.0	7165.0	159.20000000000002	71.57499999999999	48.724999999999994	69.19999999999999	1107.3000000000002	2113.95	0.0	0.0	0.0	145969.0	3243.7	77.475	51.35	105.92500000000001	1124.1000000000001	3221.2
